0001h;Frequency source;F001 (high);R/W;0 to 40000 (valid when A001 = 03);0.01 [Hz];
0002h;Frequency source;F001 (low);R/W;0 to 40000 (valid when A001 = 03);0.01 [Hz];
0003h;Inverter status A;–;R;"0: Initial status 2: Stopping 3: Running 4: Free-run stop 5: Jogging 
6: DC braking 7: Retrying 8: Tripping 9: Undervoltage (UV),";–;
0004h;Inverter status B;–;R;0: Stopping, 1: Running, 2: Tripping;–;
0005h;Inverter status C;–;R;"0: – 
1: Stopping 
2: Decelerating 
3: Constant-speed opera- tion 
4: Accelerating 5: Forward rotation 
6: Reverse rotation 
7: Switching from fwd. to rev. rotation, 
8: Switching from rev. to fwd. rotation, 
9: Starting fwd. 10: Starting rev.";–;
0006h;PID feedback;–;R/W;0 to 10000;0.01 [%];
0011h;Trip Counter;d080;R;0 to 65530;1 [time];
0012h;Trip info. 1 (factor);d081;R;See the list of inverter trip factors below;–;
0013h;Trip info. 1 (inverter status);d081;R;See the list of inverter trip factors below;–;
0014h;Trip info. 1 (frequency) (high);d081;R;0 to 100000;0.01[Hz];
0015h;Trip info. 1 (frequency (low);d081;R;0 to 100000;0.01[Hz];
0016h;Trip info. 1 (current);d081;R;Output current at tripping;0.01[A];
0017h;Trip info. 1 (voltage);d081;R;DC input voltage at tripping;1[V];
0018h;Trip info. 1 (running time) (high);d081;R;Cumulative running time at tripping;1[h];
0019h;Trip info. 1 (running time) (low);d081;R;Cumulative running time at tripping;1[h];
001Ah;Trip info. 1 (power-on time) (high);d081;R;Cumulative power-on time at tripping;1[h];
001Bh;Trip info. 1 (power-on time) (low);d081;R;Cumulative running time at tripping;1[h];
001Ch;Trip info. 2 (factor);d082;R;See the list of inverter trip factors below;–;
001Dh;Trip info. 2 (inverter status);d082;R;See the list of inverter trip factors below;–;
001Eh;Trip info. 2 (frequency) (high);d082;R;0 to 100000;0.01[Hz];
001Fh;Trip info. 2 (frequency (low);d082;R;0 to 100000;0.01[Hz];
0020h;Trip info. 2 (current);d082;R;Output current at tripping;0.01[A];
0021h;Trip info. 2 (voltage);d082;R;DC input voltage at tripping;1[V];
0022h;Trip info. 2 (running time) (high);d082;R;Cumulative running time at tripping;1[h];
0023h;Trip info. 2 (running time) (low);d082;R;Cumulative running time at tripping;1[h];
0024h;Trip info. 2 (power-on time) (high);d082;R;Cumulative power-on time at tripping;1[h];
0025h;Trip info. 2 (power-on time) (low);d082;R;Cumulative running time at tripping;1[h];
0026h;Trip info. 3 (factor);d083;R;See the list of inverter trip factors below;–;
0027h;Trip info. 3 (inverter status);d083;R;See the list of inverter trip factors below;–;
0028h;Trip info. 3 (frequency) (high);d083;R;0 to 100000;0.01[Hz];
0029h;Trip info. 3 (frequency (low);d083;R;0 to 100000;0.01[Hz];
002Ah;Trip info. 3 (current);d083;R;Output current at tripping;0.01[A];
002Bh;Trip info. 3 (voltage);d083;R;DC input voltage at tripping;1[V];
002Ch;Trip info. 3 (running time) (high);d083;R;Cumulative running time at tripping;1[h];
002Dh;Trip info. 3 (running time) (low);d083;R;Cumulative running time at tripping;1[h];
002Eh;Trip info. 3 (power-on time) (high);d083;R;Cumulative power-on time at tripping;1[h];
002Fh;Trip info. 3 (power-on time) (low);d083;R;Cumulative running time at tripping;1[h];
0030h;Trip info. 4 (factor);d084;R;See the list of inverter trip factors below;–;
0031h;Trip info. 4 (inverter status);d084;R;See the list of inverter trip factors below;–;
0032h;Trip info. 4 (frequency) (high);d084;R;0 to 100000;0.01[Hz];
0033h;Trip info. 4 (frequency (low);d084;R;0 to 100000;0.01[Hz];
0034h;Trip info. 4 (current);d084;R;Output current at tripping;0.01[A];
0035h;Trip info. 4 (voltage);d084;R;DC input voltage at tripping;1[V];
0036h;Trip info. 4 (running time) (high);d084;R;Cumulative running time at tripping;1[h];
0037h;Trip info. 4 (running time) (low);d084;R;Cumulative running time at tripping;1[h];
0038h;Trip info. 4 (power-on time) (high);d084;R;Cumulative power-on time at tripping;1[h];
0039h;Trip info. 4 (power-on time) (low);d084;R;Cumulative running time at tripping;1[h];
003Ah;Trip info. 5 (factor);d085;R;See the list of inverter trip factors below;–;
003Bh;Trip info. 5 (inverter status);d085;R;See the list of inverter trip factors below;–;
003Ch;Trip info. 5 (frequency) (high);d085;R;0 to 100000;0.01[Hz];
003Dh;Trip info. 5 (frequency (low);d085;R;0 to 100000;0.01[Hz];
003Eh;Trip info. 5 (current);d085;R;Output current at tripping;0.01[A];
003Fh;Trip info. 5 (voltage);d085;R;DC input voltage at tripping;1[V];
0040h;Trip info. 5 (running time) (high);d085;R;Cumulative running time at tripping;1[h];
0041h;Trip info. 5 (running time) (low);d085;R;Cumulative running time at tripping;1[h];
0042h;Trip info. 5 (power-on time) (high);d085;R;Cumulative power-on time at tripping;1[h];
0043h;Trip info. 5 (power-on time) (low);d085;R;Cumulative running time at tripping;1[h];
0044h;Trip info. 6 (factor);d086;R;See the list of inverter trip factors below;–;
0045h;Trip info. 6 (inverter status);d086;R;See the list of inverter trip factors below;–;
0046h;Trip info. 6 (frequency) (high);d086;R;0 to 100000;0.01[Hz];
0047h;Trip info. 6 (frequency (low);d086;R;0 to 100000;0.01[Hz];
0048h;Trip info. 6 (current);d086;R;Output current at tripping;0.01[A];
0049h;Trip info. 6 (voltage);d086;R;DC input voltage at tripping;1[V];
004Ah;Trip info. 6 (running time) (high);d086;R;Cumulative running time at tripping;1[h];
004Bh;Trip info. 6 (running time) (low);d086;R;Cumulative running time at tripping;1[h];
004Ch;Trip info. 6 (power-on time) (high);d086;R;Cumulative power-on time at tripping;1[h];
004Eh;Programming error monitoring;d090;R;Warning code;–;
006Dh to 08Efh;(reserved);–;–;–;–;
0900h;Writing to EEPROM;–;W;"0: Motor constant recalculation 1: Save all data in EEPROM 
Other: Motor constant recalculation and save all data in EEPROM";–;
0902h;EEPROM write mode;–;W;0 (invalid) / 1 (valid);;
1001h;Output frequency monitor;d001 (high);R;0 to 40000(100000);0.01 [Hz];
1002h;Output frequency monitor;d001 (low);R;0 to 40000(100000);0.01 [Hz];
1003h;Output current monitor;d002;R;0 to 65530;0.01 [A];
1004h;Rotation direction minitoring;d003;R;0: Stopping, 1: Forward rotation, 2: Reverse rotation;0.1 [Hz];
1005h;Process variable (PV), PID feed- back monitoring;d004 (high);R;0 to 1000000;0.1;
1006h;;d004 (low);R;0 to 1000000;0.1;
1007h;Intelligent input terminal status;d005;R;2^0: Terminal 1 to 2^6: Terminal 7;1 bit;
1008h;Intelligent output terminal status;d006;R;2^0: Terminal 11 to 2^1: Terminal 12/ 2^2: Relay Terminal;1 bit;
1009h;Scaled output frequency monitor;d007 (high);R;0 to 4000000(10000000);0.01;
100Ah;Scaled output frequency monitor;d007 (low);R;0 to 4000000(10000000);0.01;
100Bh;Actual-frequency monitor;d008 (high);R;-100000 to +100000;0.01 [Hz];
100Ch;Actual-frequency monitor;d008 (low);R;-100000 to +100000;0.01 [Hz];
100Dh;Torque command monitor;d009;R;-200 to +200;1 [%];
100Eh;Torque bias monitor;d010;R;-200 to +200;1 [%];
1010h;Torque monitor;d012;R;-200 to +200;1 [%];
1011h;Output voltage monitor;d013;R;0 to 6000;0.1 [V];
1012h;Power monitor;d014;R;0 to 1000;0.1 [kW];
1013h;Watt-hour monitor;d015 (high);R;0 to 9999000;0.1;
1014h;Watt-hour monitor;d015 (low);R;0 to 9999000;0.1;
1015h;Elapsed RUN time monitor;d016 (high);R;0 to 999900;1 [h];
1016h;Elapsed RUN time monitor;d016 (low);R;0 to 999900;1 [h];
1017h;Elapsed power-on time monitor;d017 (high);R;0 to 999900;1 [h];
1018h;Elapsed power-on time monitor;d017 (low);R;0 to 999900;1 [h];
1019h;Heat sink temperature monitor;d018;R;-200 to 1500;0.1 [?];
101Dh;Life-check monitor;d022;R;2^0: Capacitor on main circuit board 2^1: cooling-fan;1 bit;
101Eh;EzSQ program counter;d023;R;0~1024;;
101Fh;EzSQ program number;d024;R;0~9999;;
1026h;DC voltage monitoring (across P and N);d102;R;0 to 10000;0.1 [V];
1027h;BRD load factor monitoring;d103;R;0 to 1000;0.1 [%];
1028h;Electronic thermal overload monitoring;d104;R;0 to 1000;0.1 [%];
102Eh;User monitor 1;d025(HIGH);R;-2147483647 to 2147483647;1;
102Fh;User monitor 1;d025(LOW);R;-2147483647 to 2147483647;1;
1030h;User monitor 2;d026(HIGH);R;-2147483647 to 2147483647;1;
1031h;User monitor 2;d026(LOW);R;-2147483647 to 2147483647;1;
1032h;User monitor 3;d027(HIGH);R;-2147483647 to 2147483647;1;
1033h;User monitor 3;d027(LOW);R;-2147483647 to 2147483647;1;
1036h;Position setting monitor;d029(HIGH);R;-268435455 to 268435455;1;
1037h;Position setting monitor;d029(LOW);R;-268435455 to 268435455;1;
1038h;Position feedback monitor;d030(HIGH);R;-268435455 to 268435455;1;
1039h;Position feedback monitor;d030(LOW);R;-268435455 to 268435455;1;
1057h;Inverter mode monitor;d60;R;0 (IM CT) 2(IM High Freq mode) 1(IM VT);;
1103h;Acceleration time (1);F002 (high);R/W;1 to 360000;0.01 [sec.];
1104h;Acceleration time (1);F002 (low);R/W;1 to 360000;0.01 [sec.];
1105h;Deceleration time (1);F003 (high);R/W;1 to 360000;0.01 [sec.];
1106h;Deceleration time (1);F003 (low);R/W;1 to 360000;0.01 [sec.];
1107h;Keypad Run key routing;F004;R/W;0 (forward rotation), 1 (reverse rotation);–;
1201h;Frequency source;A001;R/W;"0 (keypad potentiometer), 1 (control circuit terminal block), 2 (digital opera- tor), 3 (Modbus), 4 (option ), 6 (pulse train input), 7 (easy sequence), 
10 (operation function result)";–;
1202h;Run command source (*);A002;R/W;1 (control circuit terminal block), 2 (digi- tal operator), 3 (Modbus), 4 (option);–;
1203h;Base frequency;A003;R/W;"300 to ""maximum frequency""";0.1 [Hz];
1204h;Maximum frequency;A004;R/W;300 to 4000 (10000);0.1 [Hz];
1205h;[AT] selection;A005;R/W;0 (switching between O and OI termi- nals), 2 (switching between O terminal and keypad potentiometer), 3 (switching between OI terminal and keypad poten- tiometer);–;
1206h to 120Ah;(Reserved);–;–;–;–;
120Bh;[O] input active range start fre- quency;A011 (high);R/W;0 to 40000(100000);0.01 [Hz];
120Ch;;A011 (low);;;;
120Dh;[O] input active range end fre- quency;A012 (high);R/W;0 to 40000(100000);0.01 [Hz];
120Eh;;A012 (low);;;;
120Fh;[O] input active range start volt- age;A013;R/W;"0 to ""[O]-[L] input active range end voltage""";1 [%];
1210h;[O] input active range end volt- age;A014;R/W;"""[O]-[L] input active range start voltage"" to 100";1 [%];
1211h;[O] input start frequency select;A015;R/W;0 (external start frequency), 1 (0 Hz);–;
1212h;Analog input filter.;A016;R/W;1 to 30 or 31 (500 ms filter ±0.1 Hz with hysteresis);1;
1213h;EzSQ selection;A017;R/W;0 (disabling), 1 (PRG terminal) , 2 (Always);–;
1214h;(Reserved);–;–;–;–;
1215h;Multi speed operation selection;A019;R/W;0 (binary), 1 (bit);–;
1216h;Multi-speed freq. 0;A020 (high);R/W;"0 or ""start frequency"" to ""maximum frequency""";0.01 [Hz];
1217h;Multi-speed freq. 0;A020 (low);R/W;"0 or ""start frequency"" to ""maximum frequency""";0.01 [Hz];
1218h;Multi-speed freq. 1;A021 (high);R/W;"0 or ""start frequency"" to ""maximum frequency""";0.01 [Hz];
1219h;Multi-speed freq. 1;A021 (low);R/W;"0 or ""start frequency"" to ""maximum frequency""";0.01 [Hz];
121Ah;Multi-speed freq. 2;A022 (high);R/W;"0 or ""start frequency"" to ""maximum frequency""";0.01 [Hz];
121Bh;Multi-speed freq. 2;A022 (low);R/W;"0 or ""start frequency"" to ""maximum frequency""";0.01 [Hz];
121Ch;Multi-speed freq. 3;A023 (high);R/W;"0 or ""start frequency"" to ""maximum frequency""";0.01 [Hz];
121Dh;Multi-speed freq. 3;A023 (low);R/W;"0 or ""start frequency"" to ""maximum frequency""";0.01 [Hz];
121Eh;Multi-speed freq. 4;A024 (high);R/W;"0 or ""start frequency"" to ""maximum frequency""";0.01 [Hz];
121Fh;Multi-speed freq. 4;A024 (low);R/W;"0 or ""start frequency"" to ""maximum frequency""";0.01 [Hz];
1220h;Multi-speed freq. 5;A025 (high);R/W;"0 or ""start frequency"" to ""maximum frequency""";0.01 [Hz];
1221h;Multi-speed freq. 5;A025 (low);R/W;"0 or ""start frequency"" to ""maximum frequency""";0.01 [Hz];
1222h;Multi-speed freq. 6;A026 (high);R/W;"0 or ""start frequency"" to ""maximum frequency""";0.01 [Hz];
1223h;Multi-speed freq. 6;A026 (low);R/W;"0 or ""start frequency"" to ""maximum frequency""";0.01 [Hz];
1224h;Multi-speed freq. 7;A027 (high);R/W;"0 or ""start frequency"" to ""maximum frequency""";0.01 [Hz];
1226h;Multi-speed freq. 8;A028 (high);R/W;"0 or ""start frequency"" to ""maximum frequency""";0.01 [Hz];
1227h;Multi-speed freq. 8;A028 (low);R/W;"0 or ""start frequency"" to ""maximum frequency""";0.01 [Hz];
1228h;Multi-speed freq. 9;A029 (high);R/W;"0 or ""start frequency"" to ""maximum frequency""";0.01 [Hz];
1229h;Multi-speed freq. 9;A029 (low);R/W;"0 or ""start frequency"" to ""maximum frequency""";0.01 [Hz];
122Ah;Multi-speed freq. 10;A030 (high);R/W;"0 or ""start frequency"" to ""maximum frequency""";0.01 [Hz];
122Bh;Multi-speed freq. 10;A030 (low);R/W;"0 or ""start frequency"" to ""maximum frequency""";0.01 [Hz];
122Ch;Multi-speed freq. 11;A031 (high);R/W;"0 or ""start frequency"" to ""maximum frequency""";0.01 [Hz];
122Dh;Multi-speed freq. 11;A031 (low);R/W;"0 or ""start frequency"" to ""maximum frequency""";0.01 [Hz];
122Eh;Multi-speed freq. 12;A032 (high);R/W;"0 or ""start frequency"" to ""maximum frequency""";0.01 [Hz];
122Fh;Multi-speed freq. 13;A032 (low);R/W;"0 or ""start frequency"" to ""maximum frequency""";0.01 [Hz];
1230h;Multi-speed freq. 13;A033 (high);R/W;"0 or ""start frequency"" to ""maximum frequency""";0.01 [Hz];
1231h;Multi-speed freq. 14;A033 (low);R/W;"0 or ""start frequency"" to ""maximum frequency""";0.01 [Hz];
1232h;Multi-speed freq. 14;A034 (high);R/W;"0 or ""start frequency"" to ""maximum frequency""";0.01 [Hz];
1233h;Multi-speed freq. 15;A034 (low);R/W;"0 or ""start frequency"" to ""maximum frequency""";0.01 [Hz];
1234h;Multi-speed freq. 15;A035 (high);R/W;"0 or ""start frequency"" to ""maximum frequency""";0.01 [Hz];
1235h;Multi-speed freq. 16;A035 (low);R/W;"0 or ""start frequency"" to ""maximum frequency""";0.01 [Hz];
1238h;Jog frequency;A038;R/W;"0.0, ""Start frequency"" to 999(10000)";0.01 [Hz];
1239h;Jog stop mode;A039;R/W;"0 (free-running after jogging stops [disabled during operation]) 
1 (deceleration and stop after jogging stops [disabled during operation]) 
2 (DC braking after jogging stops [dis- abled during operation]) 
3 (free-running after jogging stops [enabled during operation]) 
4 (deceleration and stop after jogging stops [enabled during operation]) 
5 (DC braking after jogging stops [enabled during operation])";;
123Ah;(Reserved);–;–;–;–;
123Bh;Torque boost method selection;A041;R/W;0 (manual torque boost), 1 (automatic torque boost);–;
123Ch;Manual torque boost value;A042;R/W;0 to 200;0.1 [%];
123Dh;Manual torque boost frequency;A043;R/W;0 to 500;0.1 [%];
123Eh;V/F characteristic curve selec- tion, 1st motor;A044;R/W;"0 (VC), 1 (VP), 2 (free V/f), 3 (sensorless vector control),";–;
123Fh;V/f gain;A045;R/W;20 to 100;1 [%];
1240h;Voltage compensation gain set- ting for automatic torque boost, 1st motor;A046;R/W;0 to 255;1 [%];
1241h;Slippage compensation gain set- ting for automatic torque boost, 1st motor;A047;R/W;0 to 255;1 [%];
1245h;DC braking enable;A051;R/W;0 (disabling), 1 (enabling), 2 (output freq < [A052]);–;
1246h;DC braking frequency;A052;R/W;0 to 6000;0.01 [Hz];
1247h;DC braking wait time;A053;R/W;0 to 50;0.1 [sec.];
1248h;DC braking force during deceler- ation;A054;R/W;0 to 100;1 [%];
1249h;DC braking time for deceleration;A055;R/W;0 to 600;0.1 [sec.];
124Ah;DC braking/edge or level detec- tion for [DB] input;A056;R/W;0 (edge operation), 1 (level operation);–;
124Bh;DC braking force for starting;A057;R/W;0 to 100;1 [%];
124Ch;DC braking time for starting;A058;R/W;0 to 600;0.1 [sec.];
124Dh;DC braking carrier frequency setting;A059;R/W;20 to 150;0.1 [kHz];
124Fh;Frequency upper limit;A061 (high);R/W;"0 or ""maximum frequency limit"" to ""max- imum frequency""";0.01 [Hz];
1250h;Frequency upper limit;A061 (low);R/W;"0 or ""maximum frequency limit"" to ""max- imum frequency""";0.01 [Hz];
1251h;Frequency lower limit;A062 (high);R/W;"0 or ""maximum frequency limit"" to ""max- imum frequency""";0.01 [Hz];
1252h;Frequency lower limit;A062 (low);R/W;"0 or ""maximum frequency limit"" to ""max- imum frequency""";0.01 [Hz];
1253h;Jump freq. (center) 1;A063 (high);R/W;0 to 40000(100000);0.01 [Hz];
1254h;Jump freq. (center) 2;A063 (low);R/W;0 to 40000(100000);0.01 [Hz];
1255h;Jump freq. width (hysteresis) 1;A064;R/W;0 to 1000(10000);0.01 [Hz];
1256h;Jump freq. (center) 2;A065 (high);R/W;0 to 40000(100000);0.01 [Hz];
1257h;Jump freq. (center) 3;A065 (low);R/W;0 to 40000(100000);0.01 [Hz];
1258h;Jump freq. width (hysteresis) 2;A066;R/W;0 to 1000(10000);0.01 [Hz];
1259h;Jump freq. (center) 3;A067 (high);R/W;0 to 40000(100000);0.01 [Hz];
125Ah;Jump freq. (center) 4;A067 (low);R/W;0 to 40000(100000);0.01 [Hz];
125Bh;Jump freq. width (hysteresis) 3;A068;R/W;0 to 1000(10000);0.01 [Hz];
125Ch;Acceleration hold frequency;A069 (high);R/W;0 to 40000;0.01 [Hz];
125Dh;Acceleration hold frequency;A069 (low);R/W;0 to 40000;0.01 [Hz];
125Eh;Acceleration hold time;A070;R/W;0 to 600;0.1 [sec.];
125Fh;PID Function Enable;A071;R/W;"0 (disabling), 1 (enabling), 2 (enabling inverted-data output)";–;
1260h;PID proportional gain;A072;R/W;0 to 2500;0.10;
1261h;PID integral time constant;A073;R/W;0 to 36000;0.1 [sec.];
1262h;PID derivative gain;A074;R/W;0 to 10000;0.01 [sec.];
1263h;PV scale conversion;A075;R/W;1 to 9999;0.01;
1264h;PV source;A076;R/W;0 (input via OI), 1 (input via O), 2 (exter- nal communication), 3 (pulse train frequency input), 10 (operation result output);–;
1265h;Reverse PID;A077;R/W;00 (disabling), 01 (enabling);–;
1266h;PID output limiter;A078;R/W;0 to 1000;0.1 [%];
1267h;PID feed forward selection;A079;R/W;0 (disabled), 1(O input), 2 (OI input);–;
1268h;(Reserved);–;R/W;–;–;
1269h;AVR function select;A081;R/W;0 (always on), 1 (always off), 2 (off dur- ing deceleration);–;
126Ah;AVR voltage select;A082;R/W;"200 V class: 0 (200)/1 (215)/2 (220)/3 (230)/4 (240 
400 V class: 5 (380)/6 (400)/7 (415)/8 (440)/9 (460)/ 10 (480))";–;
126Bh;AVR filter time constant;A083;R/W;0.000 to 10.00;0.001[sec];
126Ch;AVR deceleration gain;A084;R/W;50 to 200;1[%];
126Dh;Energy-saving operation mode;A085;R/W;0 (normal operation), 1 (energy-saving operation);–;
126Eh;Energy-saving mode tuning;A086;R/W;0 to 1000;0.1 [%];
1274h;Acceleration time (2);A092 (high);R/W;1 to 360000;0.01 [sec.];
1275h;Acceleration time (2);A092 (low);R/W;1 to 360000;0.01 [sec.];
1276h;Deceleration time (2);A093 (high);R/W;1 to 360000;0.01 [sec.];
1277h;Deceleration time (2);A093 (low);R/W;1 to 360000;0.01 [sec.];
1278h;Select method to switch to Acc2/ Dec2 profile;A094;R/W;"0 (switching by 2CH terminal), 1 (switching by setting) 
2 (Forward and reverse)";–;
1279h;Acc1 to Acc2 frequency transi- tion point;A095 (high);R/W;0 to 40000(100000);0.01 [Hz];
127Ah;Acc1 to Acc2 frequency transi- tion point;A095 (low);R/W;0 to 40000(100000);0.01 [Hz];
127Bh;Dec1 to Dec2 frequency transi- tion point;A096 (high);R/W;0 to 40000(100000);0.01 [Hz];
127Ch;Dec1 to Dec2 frequency transi- tion point;A096 (low);R/W;0 to 40000(100000);0.01 [Hz];
127Dh;Acceleration curve selection;A097;R/W;0 (linear), 1 (S curve), 2 (U curve), 3 (inverted-U curve), 4 (EL-S curve);–;
127Eh;Deceleration curve setting;A098;R/W;0 (linear), 1 (S curve), 2 (U curve), 3 (inverted-U curve), 4 (EL-S curve);–;
1281h;[OI] input active range start frequency;A101 (high);R/W;0 to 40000(100000);0.01 [Hz];
1282h;[OI] input active range start frequency;A101 (low);R/W;0 to 40000(100000);0.01 [Hz];
1283h;[OI] input active range end frequency;A102 (high);R/W;0 to 40000(100000);1 [%];
1284h;[OI] input active range end frequency;A102 (low);R/W;0 to 40000(100000);1 [%];
1285h;[OI] input active range start current;A103;R/W;"0 to ""[OI]-[L] input active range end current""";1 [%];
1286h;[OI] input active range end current;A104;R/W;"""[OI]-[L] input active range start current"" to 100";–;
1287h;[OI] input start frequency select;A105;R/W;0 (external start frequency), 1 (0 Hz);–;
12A5h;Acceleration curve constant;A131;R/W;1 (smallest swelling) to 10 largest swelling);–;
12A6h;Deceleration curve constant;A132;R/W;1 (smallest swelling) to 10 (largest swelling);-;
12AFh;Operation-target frequency selection 1;A141;R/W;0 (digital operator), 1 (keypad potenti- ometer), 2 (input via O), 3 (input via OI), 4 (external communication), 5 (option ), 7 (pulse train frequency input);–;
12B0h;Operation-target frequency selection 2;A142;R/W;0 (digital operator), 1 (keypad potenti- ometer), 2 (input via O), 3 (input via OI), 4 (external communication), 5 (option ), 7 (pulse train frequency input);–;
12B1h;Operator selection;A143;R/W;0 (addition: A141 + A142), 1 (subtrac- tion: A141 - A142), 2 (multiplication: A141 x A142);–;
12B3h;Frequency to be added;A145 (high);R/W;0 to 40000(100000);0.01 [Hz];
12B4h;Frequency to be added;A145 (low);R/W;0 to 40000(100000);0.01 [Hz];
12B5h;Sign of the frequency to be added;A146;R/W;00 (frequency command + A145), 01 (frequency command - A145);–;
12B9h;EL-S-curve acceleration/deceler- ation ratio 1;A150;R/W;0 to 50;1 [%];
12BAh;EL-S-curve acceleration/deceler- ation ratio 2;A151;R/W;0 to 50;1 [%];
12BBh;EL-S-curve deceleration/decel- eration ratio 1;A152;R/W;0 to 50;1 [%];
12BCh;EL-S-curve deceleration/decel- eration ratio 2;A153;R/W;0 to 50;1 [%];
12BDh;Deceleration hold frequency;A154 (high);R/W;0~40000(100000);0.01 [Hz];
12BEh;Deceleration hold frequency;A154 (low);R/W;0~40000(100000);0.01 [Hz];
12BFh;Deceleration hold time;A155;R/W;0~600;0.1 [sec.];
12C0h;PID sleep function triggering level;A156 (high);R/W;0~40000(100000);0.01 [Hz];
12C1h;PID sleep function triggering level;A156 (low);R/W;0~40000(100000);0.01 [Hz];
12C2h;PID sleep function action delay time;A157;R/W;0~255;0.1 [sec.];
12C6h;[VR] input active range start frequency;A161 (high);R/W;0~40000(100000);0.01 [Hz];
12C7h;[VR] input active range start frequency;A161 (low);R/W;0~40000(100000);0.01 [Hz];
12C8h;[VR] input active range end frequency;A162 (high);R/W;0~40000(100000);0.01 [Hz];
12C9h;[VR] input active range end frequency;A162 (low);R/W;0~40000(100000);0.01 [Hz];
12CAh;[VR] input active range start %;A163;R/W;0~100;1 [%];
12CBh;[VR] input active range end %;A164;R/W;0~100;1 [%];
12CCh;[VR] input start frequencyselect;A165;R/W;0(start frequency A161) / 1(0Hz);–;
1301h;Restart mode on power failure/ under-voltage trip;b001;R/W;0 (tripping), 1 (starting with 0 Hz), 2 (start- ing with matching frequency), 3 (tripping after deceleration and stopping with matching frequency), 4 (restarting with active matching frequency);–;
1302h;Allowable under-voltage power failure time;b002;R/W;3 to 250;0.1 [sec.];
1303h;Retry wait time before motor restart;b003;R/W;3 to 1000;0.1 [sec.];
1304h;Instantaneous power failure/ under-voltage trip alarm enable;b004;R/W;0 (disabling), 1 (enabling), 2 (disabling during stopping and decelerating to stop);–;
1305h;Number of restarts on power fail- ure/under-voltage trip events;b005;R/W;0 (16 times), 1 (unlimited);–;
1307h;Restart frequency threshold;b007 (high);R/W;0 to 40000;0.01 [Hz];
1308h;Restart frequency threshold;b007 (low);R/W;0 to 40000;0.01 [Hz];
1309h;Restart mode on over voltage / over current;b008;R/W;0 (tripping), 1 (starting with 0 Hz), 2 (start- ing with matching frequency), 3 (tripping after deceleration and stopping with matching frequency), 4 (restarting with active matching frequency);–;
130Bh;Number of retry on over voltage / over current;b010;R/W;1 to 3;1 [time];
130Ch;Retry wait time on over voltage / over current;b011;R/W;3 to 1000;0.1 [sec.];
130Dh;Level of electronic thermal;b012;R/W;200 to 1000;0.1 [%];
130Eh;Electronic thermal characteristic;b013;R/W;0 (reduced-torque characteristic), 1 (constant-torque characteristic), 2 (free setting);–;
1310h;Free setting, electronic thermal frequency (1);b015;R/W;0 to 400;1 [Hz];
1311h;Free setting, electronic thermal current (1);b016;R/W;0 to Rated current;0.1 [A];
1312h;Free setting, electronic thermal frequency (2);b017;R/W;0 to 400;1 [Hz];
1313h;Free setting, electronic thermal current (2);b018;R/W;0 to Rated current;0.1 [A];
1314h;Free setting, electronic thermal frequency (3);b019;R/W;0 to 400;1 [Hz];
1315h;Free setting, electronic thermal current (3);b020;R/W;0 to Rated current;0.1 [A];
1316h;Overload restriction operation mode;b021;R/W;"0 (disabling), 1 (enabling during acceler- ation and constant-speed operation), 2 (enabling during constant-speed oper- ation), 3 (enabling during acceleration and constant-speed operation [speed increase at regeneration])";–;
1317h;Overload restriction level;b022;R/W;200 to 2000;0.1 [%];
1318h;Deceleration rate at overload restriction;b023;R/W;1 to 30000;0.1 [sec.];
1319h;Overload restriction operation mode (2);b024;R/W;"0 (disabling), 1 (enabling during acceler- ation and constant-speed operation), 2 (enabling during constant-speed oper- ation), 3 (enabling during acceleration and constant-speed operation [speed increase at regeneration])";–;
131Ah;Overload restriction level 2;b025;R/W;200 to 2000;0.1 [%];
131Bh;Deceleration rate at overload restriction (2);b026;R/W;1 to 30000;0.1 [sec.];
131Ch;Overcurrent suppression enable;b027;R/W;0 (disabling), 1 (enabling);–;
131Dh;Current level of active freq. matching;b028;R/W;100 to 2000;0.1 [%];
131Eh;Deceleration rate of active freq. matching;b029;R/W;1 to 30000;0.1 [sec.];
131Fh;Start freq. of active frequency matching;b030;R/W;0 (frequency at the last shutoff), 1 (max- imum frequency), 2 (set frequency);–;
1320h;Software lock mode selection;b031;R/W;"0 (disabling change of data other than ""b031"" when SFT is on), 1 (disabling change of data other than ""b031"" and fre- quency settings when SFT is on), 2 (dis- abling change of data other than ""b031""), 3 (disabling change of data other than ""b031"" and frequency settings), 10 (enabling data changes during operation)";–;
1322h;Motor cable length parameter;b033;R/W;5 to 20;–;
1323h;Run/power-on warning time;b034 (high);R/W;0 to 65535;1 [10h];
1324h;Run/power-on warning time;b034 (low);R/W;0 to 65535;1 [10h];
1325h;Rotation direction restriction;b035;R/W;0( Enable for both dir)/ 1 (Enable for for- ward only)/ 2 (Enable for reverse only);–;
1326h;Reduced voltage start selection;b036;R/W;0 (minimum reduced voltage start time) to 255 (maximum reduced voltage start time);–;
1327h;Function code display restriction;b037;R/W;0 (full display), 1 (function-specific dis- play), 2 (user setting), 3 (data compari- son display), 4 (basicdisplay), 5(monitor display);–;
1328h;Initial display selection;b038;R/W;001-060;–;
1329h;Automatic user parameter regis- tration;b039;R/W;0 (disabling), 1 (enabling);–;
132Ah;Torque limit selection;b040;R/W;00 (quadrant-specific setting), 01 (switching by terminal), 02 (analog input);–;
132Bh;Torque limit 1 (fwd-power in 4-quadrant mode);b041;R/W;0 to 200/255 (no);1 [%];
132Ch;Torque limit 2 (rev/regen. in 4-quadrant mode);b042;R/W;0 to 200/255 (no);1 [%];
132Dh;Torque limit 3 (rev/power in 4-quadrant mode);b043;R/W;0 to 200/255 (no);1 [%];
132Eh;Torque limit 4 (fwd/regen. in 4-quadrant mode);b044;R/W;0 to 200/255 (no);1 [%];
132Fh;Torque limit LADSTOP enable;b045;R/W;0 (disabling), 1 (enabling);–;
1330h;Reverse Run protection enable;b046;R/W;0 (disabling), 1 (enabling);–;
1333h;Dual Rating Selection;b049;R/W;0(CT mode)/1(VT mode);–;
1334h;Controlled deceleration on power loss;b050;R/W;0 (disabling), 1 (enabling), 2, (nonstop operation at momentary power failure (no restoration)) 3, (nonstop operation at momentary power failure (restoration to be done));–;
1335h;DC bus voltage trigger level of ctrl. decel.;b051;R/W;0 to 10000;0.1 [V];
1336h;Over-voltage threshold of ctrl. decel.;b052;R/W;0 to 10000;0.1 [V];
1337h;Deceleration time of ctrl. decel.;b053 (high);R/W;0.01 to 36000;0.01 [sec.];
1338h;Deceleration time of ctrl. decel.;b053 (low);R/W;0.01 to 36000;0.01 [sec.];
1339h;Initial freq. drop of ctrl. decel.;b054;R/W;0 to 1000;0.01 [Hz];
133Fh;Maximum-limit level of window comparators O;b060;R/W;0. to 100. (lower limit : b061 + b062 *2) (%);1 [%];
1340h;Minimum-limit level of window comparators O;b061;R/W;0. to 100. (lower limit : b060 - b062*2) (%);1 [%];
1341h;Hysteresis width of window comparators O;b062;R/W;0. to 10. (lower limit : b061 - b062 / 2) (%);1 [%];
1342h;Maximum-limit level of window comparators OI;b063;R/W;0. to 100. (lower limit : b064 + b066 *2) (%);1 [%];
1343h;Minimum-limit level of window comparators OI;b064;R/W;0. to 100. (lower limit : b063 - b066 *2) (%);1 [%];
1344h;Hysteresis width of window comparators OI;b065;R/W;0. to 10. (lower limit : b063 - b064 / 2) (%);1 [%];
1349h;Operation level at O disconnec- tion;b070;R/W;"0. to 100. (%) or ""no"" (ignore)";1 [%];
134Ah;Operation level at OI disconnec- tion;b071;R/W;"0. to 100. (%) or ""no"" (ignore)";1 [%];
134Eh;Ambient temperature;b075;R/W;-10 to 50;1 [?];
1351h;Cumulative input power data clearance;b078;R/W;"Clearance by setting ""1""";–;
1352h;Watt-hour display gain;b079;R/W;1 to 1000;1;
1355h;Start frequency;b082;R/W;10 to 999;0.01 [Hz];
1356h;Carrier frequency;b083;R/W;20 to 150;0.1 [kHz];
1357h;Initialization mode (parameters or trip history);b084;R/W;0,1 (clearing the trip history), 2 (initializ- ing the data), 3 (clearing the trip history and initializing the data), 4 (clearing the trip history and initializing the data and EzSQ program);–;
1358h;Initial value code;b085;R/W;0 (JPN/US), 1 (EU);–;
1359h;Frequency scaling conversion factor;b086;R/W;1 to 9999;0.01;
135Ah;STOP key enable;b087;R/W;0 (enabling), 1 (disabling), 2 (disabling only stop);–;
135Bh;Restart mode after FRS;b088;R/W;0 (starting with 0 Hz), 1 (starting with matching frequency), 2 (starting with active matching frequency);-;
135Ch;Automatic carrier frequency reduction;b089;R/W;0(disabling)/1(enabling( output current controlled))/2(enabling( fin temperature controlled));–;
135Dh;Dynamic braking usage ratio;b090;R/W;0 to 1000;0.1 [%];
135Eh;Stop mode selection;b091;R/W;0 (deceleration until stop), 1 (free-run stop);–;
135Fh;Cooling fan control;b092;R/W;0 (always operating the fan), 1 (operat- ing the fan only during inverter opera- tion [including 5 minutes after power-on and power-off]) ,2;–;
1360h;Clear elapsed time of cooling fan;b093;R/W;0(count)/1(clear);–;
1361h;Initialization target data;b094;R/W;0 to 3;–;
1362h;Dynamic braking control;b095;R/W;0 (disabling), 1 (enabling [disabling while the motor is stopped]), 2 (enabling [enabling also while the motor is stopped]);;
1363h;Dynamic braking activation level;b096;R/W;330 to 380, 660 to 760;1. [V];
1364h;BRD resistor value;b097;R/W;Min. Resitance to 600.0;0.1 [Ω];
1367h;Free-setting V/f frequency (1);b100;R/W;"0. to ""free-setting V/f frequency (2)""";1 [Hz];
1368h;Free-setting V/f voltage (1);b101;R/W;0. to 8000;0.1 [V];
1369h;Free-setting V/f frequency (2);b102;R/W;"0. to ""free-setting V/f frequency (3)""";1 [Hz];
136Ah;Free-setting V/f voltage (2);b103;R/W;0. to 8000;0.1 [V];
136Bh;Free-setting V/f frequency (3);b104;R/W;"0. to ""free-setting V/f frequency (4)""";1 [Hz];
136Ch;Free-setting V/f voltage (3);b105;R/W;0. to 8000;0.1 [V];
136Dh;Free-setting V/f frequency (4);b106;R/W;"0. to ""free-setting V/f frequency (5)""";1 [Hz];
136Eh;Free-setting V/f voltage (4);b107;R/W;0. to 8000;0.1 [V];
136Fh;Free-setting V/f frequency (5);b108;R/W;"0. to ""free-setting V/f frequency (6)""";1 [Hz];
1370h;Free-setting V/f voltage (5);b109;R/W;0. to 8000;0.1 [V];
1371h;Free-setting V/f frequency (6);b110;R/W;"0. to ""free-setting V/f frequency (7)""";1 [Hz];
1372h;Free-setting V/f voltage (6);b111;R/W;0. to 8000;0.1 [V];
1373h;Free-setting V/f frequency (7);b112;R/W;0. to 400.;1 [Hz];
1374h;Free-setting V/f voltage (7);b113;R/W;0. to 8000;0.1 [V];
1349h;Operation level at O disconnec- tion;b070;R/W;"0. to 100. (%) or ""no"" (ignore)";1 [%];
134Ah;Operation level at OI disconnec- tion;b071;R/W;"0. to 100. (%) or ""no"" (ignore)";1 [%];
134Eh;Ambient temperature;b075;R/W;-10 to 50;1 [?];
1351h;Cumulative input power data clearance;b078;R/W;"Clearance by setting ""1""";–;
1352h;Watt-hour display gain;b079;R/W;1 to 1000;1;
1355h;Start frequency;b082;R/W;10 to 999;0.01 [Hz];
1356h;Carrier frequency;b083;R/W;20 to 150;0.1 [kHz];
1357h;Initialization mode (parameters or trip history);b084;R/W;0,1 (clearing the trip history), 2 (initializ- ing the data), 3 (clearing the trip history and initializing the data), 4 (clearing the trip history and initializing the data and EzSQ program);–;
1358h;Initial value code;b085;R/W;0 (JPN/US), 1 (EU);–;
1359h;Frequency scaling conversion factor;b086;R/W;1 to 9999;0.01;
135Ah;STOP key enable;b087;R/W;0 (enabling), 1 (disabling), 2 (disabling only stop);–;
135Bh;Restart mode after FRS;b088;R/W;0 (starting with 0 Hz), 1 (starting with matching frequency), 2 (starting with active matching frequency);-;
135Ch;Automatic carrier frequency reduction;b089;R/W;0(disabling)/1(enabling( output current controlled))/2(enabling( fin temperature controlled));–;
135Dh;Dynamic braking usage ratio;b090;R/W;0 to 1000;0.1 [%];
135Eh;Stop mode selection;b091;R/W;0 (deceleration until stop), 1 (free-run stop);–;
135Fh;Cooling fan control;b092;R/W;0 (always operating the fan), 1 (operat- ing the fan only during inverter opera- tion [including 5 minutes after power-on and power-off]) ,2;–;
1360h;Clear elapsed time of cooling fan;b093;R/W;0(count)/1(clear);–;
1361h;Initialization target data;b094;R/W;0 to 3;–;
1362h;Dynamic braking control;b095;R/W;0 (disabling), 1 (enabling [disabling while the motor is stopped]), 2 (enabling [enabling also while the motor is stopped]);;
1363h;Dynamic braking activation level;b096;R/W;330 to 380, 660 to 760;1. [V];
1364h;BRD resistor value;b097;R/W;Min. Resitance to 600.0;0.1 [Ω];
1367h;Free-setting V/f frequency (1);b100;R/W;"0. to ""free-setting V/f frequency (2)""";1 [Hz];
1368h;Free-setting V/f voltage (1);b101;R/W;0. to 8000;0.1 [V];
1369h;Free-setting V/f frequency (2);b102;R/W;"0. to ""free-setting V/f frequency (3)""";1 [Hz];
136Ah;Free-setting V/f voltage (2);b103;R/W;0. to 8000;0.1 [V];
136Bh;Free-setting V/f frequency (3);b104;R/W;"0. to ""free-setting V/f frequency (4)""";1 [Hz];
136Ch;Free-setting V/f voltage (3);b105;R/W;0. to 8000;0.1 [V];
136Dh;Free-setting V/f frequency (4);b106;R/W;"0. to ""free-setting V/f frequency (5)""";1 [Hz];
136Eh;Free-setting V/f voltage (4);b107;R/W;0. to 8000;0.1 [V];
136Fh;Free-setting V/f frequency (5);b108;R/W;"0. to ""free-setting V/f frequency (6)""";1 [Hz];
1370h;Free-setting V/f voltage (5);b109;R/W;0. to 8000;0.1 [V];
1371h;Free-setting V/f frequency (6);b110;R/W;"0. to ""free-setting V/f frequency (7)""";1 [Hz];
1372h;Free-setting V/f voltage (6);b111;R/W;0. to 8000;0.1 [V];
1373h;Free-setting V/f frequency (7);b112;R/W;0. to 400.;1 [Hz];
1374h;Free-setting V/f voltage (7);b113;R/W;0. to 8000;0.1 [V];
137Bh;Brake Control Enable;b120;R/W;0 (disabling), 1 (enabling);–;
137Ch;Brake Wait Time for Release;b121;R/W;0 to 500;0.01 [sec.];
137Dh;Brake Wait Time for Acceleration;b122;R/W;0 to 500;0.01 [sec.];
137Eh;Brake Wait Time for Stopping;b123;R/W;0 to 500;0.01 [sec.];
137Fh;Brake Wait Time for Confirma- tion;b124;R/W;0 to 500;0.01 [sec.];
1380h;Brake Release Frequency;b125;R/W;0 to 40000;0.01 [Hz];
1381h;Brake Release Current;b126;R/W;0 to 2000;0.1 [%];
1382h;Braking frequency;b127;R/W;0 to 40000;0.01 [Hz];
1385h;Deceleration overvoltage sup- pression enable;b130;R/W;0 (disabling), 1 (enabling), 2 (enabling with acceleration);–;
1386h;Decel. overvolt. suppress level;b131;R/W;200 V class: 330 to 390 (V) 400 V class: 660 to 780 (V);1 [V];
1387h;Decel. overvolt. suppress const.;b132;R/W;10 to 3000;0.01 [sec.];
1388h;Decel. overvolt. suppress propo- tional gain;b133;R/W;0 to 500;0.01;
1389h;Decel. overvolt. suppress Inte- gral time;b134;R/W;0 to 1500;0.1 [sec.];
1394h;GS input mode;b145;R/W;0 (non Trip) /1 (Trip);–;
139Ah;Display ex.operator connected;b150;R/W;001 to 060;-;
13A3h;1st parameter of Dual Monitor;b160;R/W;001 to 030;–;
13A4h;2nd parameter of Dual Monitor;b161;R/W;001 to 030;–;
13A6h;Freq. set in monitoring;b163;R/W;0 (disabling), 1 (enabling),;–;
13A7h;Automatic return to the initial dis- play;b164;R/W;0 (disabling), 1 (enabling),;–;
13A8h;Ex. operator com. loss action;b165;R/W;0 (tripping), 1 (tripping after decelerating and stopping the motor), 2 (ignoring errors), 3 (stopping the motor after free- running), 4 (decelerating and stopping the motor);–;
13A9h;Data Read/Write select;b166;R/W;0 (Read/Write OK), 1 (Protected);–;
13AEh;Inverter mode selection;b171;R/W;0 (disabling), 1 (IM mode), 2 (High Freq. mode), 3 (PM mode);–;
13B7h;Initialization trigger;b180;R/W;0 (disabling), 1 (enabling),;;